Date,Large-Cap,Mid-Cap,Small-Cap,Micro-Cap
2021-01-05,1.0,1.0,1.0,1.0
2021-01-06,1.0075793527589965,1.027223559767699,1.0418117841511216,1.0001953534800128
2021-01-07,1.02238407159008,1.0411076789153935,1.0562934488932292,1.0034280648396439
2021-01-08,1.0276052916910319,1.0424716730006276,1.0521604459265637,1.0047297061564895
2021-01-11,1.021792721228264,1.0425685268601157,1.0545167663707449,1.0022393906592924
2021-01-12,1.023241309609783,1.0538739359080753,1.0723238884127382,1.004392366706733
2021-01-13,1.0249589219557564,1.046935981726631,1.0646051944704873,1.004705919896453
2021-01-14,1.0225698791129518,1.05363973133737,1.0849001407181014,1.006192356358227
2021-01-15,1.0148320179817492,1.043705235051506,1.0681942825933937,1.0038685451672882
2021-01-19,1.0227050224281422,1.0518802165787484,1.079671268470305,1.0081105531347976
2021-01-20,1.0356443109463307,1.0618457331896205,1.0851202798584008,1.0135793819888144
2021-01-21,1.0359416270180641,1.0555785632200385,1.0747145970796117,1.011689808324404
2021-01-22,1.0328209734363207,1.0570801916740018,1.0845866392901453,1.0128380034966142
2021-01-25,1.0358369538693628,1.0538442534380084,1.0846800361521511,1.0145936059960494
2021-01-26,1.0332996779002674,1.0433652139370706,1.0805568279273383,1.0142314767293983
2021-01-27,1.0085886066507266,1.0169208785968937,1.0682751868059517,1.0059764373150868
2021-01-28,1.017385542379159,1.0267007340231094,1.0589063197123265,1.0069295305296158
2021-01-29,0.99790732288751,1.0086319752928872,1.0413049517052584,1.0000981665184236
2021-02-01,1.01370844694875,1.0280534856012429,1.0623656190912234,1.0066027687176295
2021-02-02,1.0283694679814626,1.042208654920425,1.0698608036787984,1.010787888145292
2021-02-03,1.0296082450993373,1.0435547586900003,1.0735753745902303,1.0110986784350224
2021-02-04,1.0415639798377216,1.0575082037597932,1.0923740401791155,1.0162759081116444
2021-02-05,1.0463167746110726,1.068347034112763,1.105159626722705,1.018900993767647
2021-02-08,1.0546099736277812,1.0829479628877874,1.13208392235322,1.0241097309801581
2021-02-09,1.0545925060585837,1.0860877493755,1.138207132806758,1.025486807564981
2021-02-10,1.054342305890567,1.0867544775556033,1.1343224888130081,1.0263963046635591
2021-02-11,1.0564923381214477,1.0924425414009529,1.137511489431469,1.0269797561218104
2021-02-12,1.0613820966362546,1.097431031695963,1.1411943233588546,1.0280836285373172
2021-02-16,1.0604663204604863,1.0952487360681364,1.1364855412194124,1.0250134530555395
2021-02-17,1.0601268421103478,1.0896480980917933,1.130317826594582,1.0239642031220466
2021-02-18,1.0550646412613376,1.0792073864624752,1.1137245698942155,1.0193435328321416
2021-02-19,1.054535988956439,1.0942278881286318,1.1333993632525745,1.0206035799775084
2021-02-22,1.0467034938536874,1.0875694892000307,1.134215118680796,1.0164320047496886
2021-02-23,1.0471953432041794,1.0885552770461207,1.1280666467647025,1.016229370743989
2021-02-24,1.0590316685197567,1.1054817297818522,1.1557706765024514,1.021861701492527
2021-02-25,1.033298223386023,1.0722226264376722,1.1186554344809176,1.0056725840036727
2021-02-26,1.0275842142849378,1.0717247889755142,1.1151761808685545,1.0055893032456005
2021-03-01,1.0525122453659324,1.1004514356690596,1.149448429725263,1.0167769364596715
2021-03-02,1.0438805149798296,1.0863112532154036,1.130121891125196,1.0112129797308989
2021-03-03,1.03046375139111,1.074058655123687,1.1257058478822906,1.0049979601485288
2021-03-04,1.01621883058364,1.05070372056289,1.1018543747737541,0.9968214765938752
2021-03-05,1.0350432920241739,1.0735228025375667,1.1251829308850403,1.006311963018288
2021-03-08,1.0312838374226696,1.0781402699308134,1.1402220099887896,1.0062409647119028
2021-03-09,1.0452449830173183,1.0870362893494374,1.1536345027662733,1.013569615870591
2021-03-10,1.0527505658363308,1.0997398544264239,1.1736572361670723,1.0194580412273402
2021-03-11,1.064491149459862,1.1167457800631495,1.192177897284115,1.0272788700573476
2021-03-12,1.067037628711565,1.125413436044838,1.202187018987028,1.0283123828019654
2021-03-15,1.07396169215822,1.1401674783126212,1.2054608207264546,1.0325974451730149
2021-03-16,1.0713236051632236,1.1263920898238713,1.1868677195406028,1.029817960301653
2021-03-17,1.075146667166443,1.133084064421215,1.1941647394203867,1.0310453507273012
2021-03-18,1.0592880796252624,1.1118987481969382,1.1655757843573142,1.0200467228428916
2021-03-19,1.0572784656329397,1.1124030982418733,1.1697718305611047,1.0204463636024026
2021-03-22,1.0637425656884458,1.1095093850718771,1.1572602714016904,1.0207175197316614
2021-03-23,1.0539677636632718,1.0836314346406624,1.1183841772867817,1.0132617223488334
2021-03-24,1.0472361439298148,1.0746468528875166,1.0989081377725654,1.008329020839428
2021-03-25,1.0522646175804113,1.0918577869612198,1.1242438642139154,1.0138989241391434
2021-03-26,1.068656200784015,1.1133333760103978,1.1482674323732087,1.0216077416320208
2021-03-29,1.0667728539091252,1.0962750299629804,1.121274107987737,1.0167916369209564
2021-03-30,1.0649202456370641,1.1068238884658328,1.1369727469856148,1.019399458125785
2021-03-31,1.0693487462242446,1.1094581689118872,1.1438081472222066,1.0211639523469715
2021-04-01,1.0808719605346637,1.125126761257501,1.1598018776946273,1.027958996138259
2021-04-05,1.0950729159925499,1.1325227146141605,1.1653592991756465,1.0321793729123243
2021-04-06,1.0945323404065073,1.1350368723027908,1.1644324357965155,1.033741945968542
2021-04-07,1.0950514795195398,1.1265806556170976,1.1487752050956686,1.031896927050672
2021-04-08,1.1004054416224227,1.1320957298590182,1.1552594590218326,1.0347056097371277
2021-04-09,1.1080618406200524,1.1366766557220176,1.1574564073229774,1.0367402101235557
2021-04-12,1.1084128167362781,1.1394036185321048,1.1579102635736849,1.0371990230006292
2021-04-13,1.1112337091313014,1.137654518277129,1.1527370996971587,1.0384662494134884
2021-04-14,1.1083992964258151,1.1412909760009833,1.1629027114967352,1.0386981627757697
2021-04-15,1.1200860633468597,1.1503019660382354,1.1679255840599267,1.045683464538899
2021-04-16,1.1237338818454414,1.1566914887156219,1.171843771452785,1.0466617015404442
2021-04-19,1.1177585854900884,1.1491695116532368,1.159292248778475,1.043263717567706
2021-04-20,1.1088987011297662,1.1345957947904752,1.1350673016924446,1.0386393007649264
2021-04-21,1.1200217437130082,1.1529375311687922,1.1601899429802842,1.04544986794698
2021-04-22,1.1104380216083347,1.1481336290896247,1.1549551659067943,1.0427404244354157
2021-04-23,1.1225787115792125,1.1662485018155366,1.1756428793383575,1.0492923792132198
2021-04-26,1.1250834497665685,1.1724854955673836,1.183844325356306,1.0515138549581566
2021-04-27,1.1249631402559122,1.1740544381464173,1.1866614225707925,1.0511005085926104
2021-04-28,1.1239294718694046,1.1734144551185728,1.1884031570318982,1.0512524268264192
2021-04-29,1.1300329004839518,1.174374263455212,1.1879734729246274,1.053223357221
2021-04-30,1.1222529866068744,1.1605494952468434,1.1721468974197253,1.0489294947569427
2021-05-03,1.1250319522987395,1.1645337128218372,1.1812711734224042,1.0493424275664023
2021-05-04,1.1181881056014484,1.1591882899485801,1.1738480636256041,1.046068893838237
2021-05-05,1.1182157318695076,1.157412335478584,1.172355694105826,1.0453348145169803
2021-05-06,1.1261060643490202,1.1602065642100134,1.176533880371126,1.0482586985490001
2021-05-07,1.1349240886371275,1.173564443805069,1.188027987176705,1.0533945360488357
2021-05-10,1.1240152966150203,1.1605871999654505,1.1637773305631585,1.0463212104713855
2021-05-11,1.1141266814146698,1.150398561075274,1.1573195791339779,1.0419746732542858
2021-05-12,1.0898025155775122,1.1165784455273227,1.1211718587330726,1.0279963174712357
2021-05-13,1.1026041139212084,1.1345398112282958,1.1443321229912,1.035336193788281
2021-05-14,1.1197714751757217,1.154924971698576,1.1693953352936104,1.0446641246113673
2021-05-17,1.1169814456896685,1.1533663847242361,1.1708675627943514,1.043946174953404
2021-05-18,1.108159893306615,1.1433095016360684,1.1603282756161322,1.040148684614191
2021-05-19,1.1046744106432782,1.1367070807697564,1.1521768229141047,1.0372623981009519
2021-05-20,1.1161844850973885,1.144289167434561,1.157276951121263,1.0429309551730015
2021-05-21,1.1158593156319414,1.146023983877332,1.1612774738334697,1.043498170720794
2021-05-24,1.1265117900247408,1.153119709545741,1.1679172742654742,1.0482429357012397
2021-05-25,1.123725481161374,1.1460977085622237,1.1568540862013723,1.04719263175875
2021-05-26,1.1266086603368834,1.1560047712961958,1.1775594390944768,1.0512754888256761
2021-05-27,1.1281128042959951,1.162366521852991,1.189593347462767,1.0529719146568612
2021-05-28,1.1302544875096363,1.1640187806002953,1.1874812789867948,1.0534564633162788
2021-06-01,1.1299338876968126,1.1697929981479338,1.2033793092504133,1.0556833098524172
2021-06-02,1.1315424719189435,1.1658332114565737,1.202173272317287,1.056584676718907
2021-06-03,1.127192188886441,1.1594945649740942,1.1923783537535098,1.0534350616920418
2021-06-04,1.136858757458173,1.1667663766775493,1.1965816516467722,1.0583243154790622
2021-06-07,1.13632240821674,1.1660103678951184,1.2080913405342395,1.0599757448777622
2021-06-08,1.1368706591017805,1.1749641655890248,1.2218356583545629,1.0631073059295046
2021-06-09,1.1344763829660522,1.168036574832636,1.2125860608345604,1.0626453288580326
2021-06-10,1.1385237750053023,1.1683944250063003,1.1998541151609228,1.0639001368810925
2021-06-11,1.140984913128147,1.1759152461436573,1.211039598356841,1.0657136373454636
2021-06-14,1.1425566443906146,1.1685120651935401,1.2046988838904258,1.0647815087022394
2021-06-15,1.1399118269225403,1.1664747953042711,1.2047146308290406,1.0633329667294995
2021-06-16,1.133697867451219,1.1597375225710946,1.2028936215651975,1.059317091211633
2021-06-17,1.1325891774958619,1.1458507035193326,1.184295128400075,1.05768588449392
2021-06-18,1.1171418486898304,1.1257257862812446,1.156795729588743,1.049798808461266
2021-06-21,1.1326957877311565,1.1486600238506266,1.1818591189996162,1.0566730847026002
2021-06-22,1.138262878210881,1.151430635304876,1.1871168685099993,1.059058282911855
2021-06-23,1.1370088569729575,1.1515408118587256,1.1891591571274769,1.0580837786958055
2021-06-24,1.1436490929849488,1.1601993195484257,1.203389011593334,1.06146766707001
2021-06-25,1.1483536669406387,1.1699114654079545,1.2066329027249565,1.0633775593557044
2021-06-28,1.1497361859499944,1.1612833616104927,1.1954950830326276,1.0632793484663128
2021-06-29,1.1498010687713276,1.1604437268620282,1.1925188734413297,1.0628597068672796
2021-06-30,1.1508980191008618,1.1597293331306298,1.1947702653206858,1.063224378390924
2021-07-01,1.1570143035896217,1.1682237182020587,1.202454282023054,1.0655402631060842
2021-07-02,1.164538796890036,1.1667449705836392,1.1922962017791152,1.0668630620693713
2021-07-06,1.1617316999383993,1.1561823351481895,1.176603775892447,1.0653784121026562
2021-07-07,1.1648863076747593,1.1570435139034527,1.1690963149789755,1.0663174572295642
2021-07-08,1.1553274855071407,1.1436893599217899,1.156023386141557,1.0622145429777494
2021-07-09,1.1685757152467577,1.1656047756734884,1.1837069698620628,1.0695597367332634
2021-07-12,1.1724353361996647,1.1678743284155761,1.1872209278728754,1.0716306876322441
2021-07-13,1.1674704477672753,1.151481874473161,1.1657134682195378,1.0656131285095918
2021-07-14,1.167764320566266,1.1445518522888332,1.1517073108134175,1.064812323448601
2021-07-15,1.1645030352247643,1.140827548004085,1.1455697038723434,1.0634667318923607
2021-07-16,1.1553961930811074,1.129009269016841,1.1304990061945746,1.0590346463624214
2021-07-19,1.1380518774500914,1.1104073686360632,1.110553892528095,1.052372938044884
2021-07-20,1.1557193038495581,1.139853759370669,1.1439478730341879,1.0628310776481584
2021-07-21,1.165552651910756,1.153503661789724,1.1622627437631867,1.0668846654096487
2021-07-22,1.1673077668678244,1.145109295201855,1.1443339673471256,1.0652721491834052
2021-07-23,1.178772636400162,1.1549645279247995,1.151929477133785,1.0697163712012938
2021-07-26,1.181377632007726,1.156307457088432,1.1590241401503256,1.07145199563244
2021-07-27,1.1759488594171756,1.150318414101533,1.1490564040550384,1.0693564877723556
2021-07-28,1.1759987071445255,1.15801605052076,1.1599693087699667,1.0711693043751385
2021-07-29,1.181060296509264,1.167892326832701,1.172052892886787,1.0728812687326745
2021-07-30,1.1748387832383331,1.1654293154156048,1.1676330673116917,1.0713536034530666
2021-08-02,1.1726171735413675,1.1623898166439264,1.1618432709193807,1.0700170024022981
2021-08-03,1.1816831480080365,1.1690675530468901,1.1695537385957009,1.0730814898403613
2021-08-04,1.1756055010384032,1.159163701242009,1.1529136881480662,1.069358853241184
2021-08-05,1.1835407938348723,1.1700795711283971,1.1694293052104057,1.0738743098130732
2021-08-06,1.1855182858765,1.1735276960206384,1.1792432827298434,1.0738507539645452
2021-08-09,1.1845480090326803,1.1710757741664328,1.171484465228188,1.0720287623392042
2021-08-10,1.1858176461765546,1.1742909573443427,1.1790366117965094,1.0721485674671127
2021-08-11,1.1890730523598965,1.1822730434965285,1.1868977629791386,1.0742465118721414
2021-08-12,1.1922519345009375,1.1816581085743798,1.1826169298581495,1.074285185405118
2021-08-13,1.193784447637896,1.179963775022019,1.1751554311733194,1.0749257158687304
2021-08-16,1.1959426252692578,1.1766560181331325,1.1679786585013099,1.074432292771591
2021-08-17,1.1875799129350706,1.1638801674197234,1.1519442613379298,1.0700250140693142
2021-08-18,1.1750675958746855,1.1533164765174955,1.1424770432015756,1.0651037334427949
2021-08-19,1.1753240331624595,1.1455876215273815,1.1308726367150952,1.0638055918306504
2021-08-20,1.1848746993566803,1.157990497734367,1.1482839376761727,1.0688748459229491
2021-08-23,1.1954923410394231,1.1686928251000908,1.1638143186510328,1.0739058225924243
2021-08-24,1.198136892496628,1.179551711725748,1.17404156238123,1.0756949583398883
2021-08-25,1.2009883035274476,1.1870838729009565,1.1794841238662617,1.0769364322495194
2021-08-26,1.1936870742079193,1.1768212210388742,1.1668874842898616,1.0732708621675886
2021-08-27,1.2048415403261687,1.1966593733869926,1.1979831725957464,1.0817166269203116
2021-08-30,1.2090834856730495,1.1941313189167144,1.1926141482439414,1.082776258934115
2021-08-31,1.2072150662409467,1.192113235409421,1.1913740256179237,1.0823999535195243
2021-09-01,1.2081177591030328,1.195302384265159,1.1972777384063502,1.0842267095145655
2021-09-02,1.2120502638173483,1.2022777596101129,1.2039871625056136,1.086351625230877
2021-09-03,1.2114676810639997,1.197993390145238,1.197922983040152,1.0846770777615364
2021-09-07,1.2063243327067443,1.1855157172865312,1.187825223768119,1.0801361087127117
2021-09-08,1.2041474139672739,1.181375718454756,1.1773841654258168,1.0796760105712462
2021-09-09,1.1993343506220506,1.1794711733063066,1.1758162661458114,1.078067939173722
2021-09-10,1.1900596128937102,1.1691400849703233,1.1636509590933988,1.0725963773359508
2021-09-13,1.1931810207073679,1.1740325229396473,1.1709121213651723,1.0748719693538824
2021-09-14,1.1861919801589549,1.1631034423577966,1.1567069327962018,1.0712618157089202
2021-09-15,1.1961115611794804,1.1747306304787346,1.1693435103301266,1.0757067288026887
2021-09-16,1.1944378349989841,1.1739238182448193,1.1673464635900284,1.0744674921823905
2021-09-17,1.1837495123093167,1.1643744490413699,1.1657489455907373,1.0709476800571844
2021-09-20,1.162972477931545,1.1447197958076698,1.143448543228458,1.0623021745116406
2021-09-21,1.162621061834524,1.1435908469300762,1.1425817316236397,1.0620325204102277
2021-09-22,1.1733401883812575,1.1576604609924908,1.1599749482046486,1.0668025577410798
2021-09-23,1.187824495782007,1.1735444921789202,1.1793380149045423,1.0713693434846412
2021-09-24,1.187567234369694,1.1700803829233923,1.1749071853096298,1.069892349455023
2021-09-27,1.1850279267821313,1.1768085496790879,1.1922144035715052,1.0704996345858842
2021-09-28,1.1611293389676998,1.156549105687491,1.172345025149436,1.0595389842586387
2021-09-29,1.1622196162730876,1.1568028529873307,1.1737280337313893,1.059724343529973
2021-09-30,1.1484041311333815,1.1404544845906246,1.1564226273741833,1.0532016799191675
2021-10-01,1.162619575090163,1.1575557753286139,1.1769732739885086,1.0603172406261399
2021-10-04,1.1474895784842607,1.1487639752690806,1.1698664783601744,1.0548692039584218
2021-10-05,1.158838544497948,1.1528382934604073,1.173358519188091,1.0574661570039223
2021-10-06,1.1636043948207637,1.1531520090466223,1.1670574758407724,1.0582232182604765
2021-10-07,1.1742919634072326,1.1680411943257563,1.1845059648202836,1.0624861362284208
2021-10-08,1.171796933059049,1.1619746745150608,1.1771457830874654,1.059386836308031
2021-10-11,1.16357128574709,1.1558815907074043,1.1701795961860078,1.055507839757904
2021-10-12,1.1616455856466619,1.1622576949576313,1.1748418402947087,1.0579910555214112
2021-10-13,1.1658422746625374,1.1675370982934112,1.1770279281841993,1.0603743552496592
2021-10-14,1.1853883920013275,1.1871721306168874,1.1931736268370716,1.0685887127115563
2021-10-15,1.1939673735660044,1.1888094541859535,1.1897839227846245,1.069171568272062
2021-10-18,1.1975181750919173,1.191773112939594,1.1914757876862085,1.0708184808587256
2021-10-19,1.2060560315967235,1.196134103820922,1.194313781241096,1.0727678351584917
2021-10-20,1.2108658767747664,1.2046211857718878,1.2028656429332125,1.0754924514265412
2021-10-21,1.214133429570427,1.2089348653399552,1.2052493218749494,1.075985290329547
2021-10-22,1.2126787105365788,1.210432574153411,1.205446955646853,1.0759450240053545
2021-10-25,1.2187278925253449,1.2158304455705147,1.2152554432037839,1.0787825239637192
2021-10-26,1.2194974102370708,1.2088693476608294,1.2050635637880678,1.0774119564731732
2021-10-27,1.212132815952689,1.1905204644698346,1.1824113574891926,1.0733311677025368
2021-10-28,1.2241400865389562,1.2087335324883923,1.2040487352019886,1.0797246690776625
2021-10-29,1.2262943864885147,1.208649762113408,1.2023341557502376,1.079949239997503
2021-11-01,1.2300181840615614,1.2288648405361529,1.2307580178764548,1.084090817490649
2021-11-02,1.2343593887408322,1.2303123622609404,1.229884366218715,1.085887865745761
2021-11-03,1.2421542278725755,1.241763308972243,1.2528134402912734,1.0910734766018326
2021-11-04,1.2466327436518745,1.2388563110258195,1.2495553083878954,1.092217911144715
2021-11-05,1.2514878964915377,1.2478303444204353,1.2705065200915782,1.0974559199841945
2021-11-08,1.2534924072515568,1.2508857133303555,1.2720086815142662,1.0974947196734222
2021-11-09,1.2494629907939838,1.2502637135961647,1.2688921596751555,1.097729897009324
2021-11-10,1.238806182126532,1.2369692952822662,1.2537903229158525,1.0907829395046256
2021-11-11,1.2391951116111124,1.2439419397208937,1.2618724587711172,1.09164818214043
2021-11-12,1.2481860591544882,1.2499479808475034,1.2623162998010216,1.094546330483881
2021-11-15,1.2482127997259238,1.2515304841986639,1.2618795638686793,1.0939742355999196
2021-11-16,1.2532358924481661,1.255210058832282,1.2644446354352428,1.0943257624245442
2021-11-17,1.248922382705896,1.2447708281305778,1.2505718655077112,1.0919483738722684
2021-11-18,1.2515491030963493,1.2412168172126221,1.2462394043314422,1.0917630179954312
2021-11-19,1.2479719348030733,1.2350893859934315,1.2329647365869971,1.089822661395225
2021-11-22,1.2436327885683949,1.2338643669978864,1.2370490872445543,1.087422286219533
2021-11-23,1.245276391379754,1.232671395205503,1.2364528999161424,1.0868080999129435
2021-11-24,1.2480903607494835,1.2342932555551296,1.2351435662110872,1.0885475790315084
2021-11-26,1.2205602079651667,1.1989312621098478,1.1918836911683997,1.0768097271610093
2021-11-29,1.2337387789404783,1.202525758621903,1.1903389815087428,1.0801688888941103
2021-11-30,1.209840547418784,1.1712599225647955,1.16415070060684,1.069461911538838
2021-12-01,1.1940025257449962,1.150010677435972,1.1437167333750715,1.0605128054604585
2021-12-02,1.2130159507108023,1.1810252469423794,1.1749398042338943,1.0712018962699275
2021-12-03,1.202182165108822,1.1654232677275074,1.157854565811723,1.0668722871772929
2021-12-06,1.217265883942796,1.1854176689201854,1.183264794826132,1.0740092197806066
2021-12-07,1.242123455777577,1.2084000354225573,1.2035841040421136,1.0831755937818448
2021-12-08,1.2454371927128043,1.2148830952185175,1.20916836442166,1.0845087232927775
2021-12-09,1.236136165139264,1.196873117265029,1.1879282434151253,1.078238551019227
2021-12-10,1.2461062263401679,1.1984444584210496,1.1870232947960175,1.08045252774391
2021-12-13,1.2339329236127718,1.1861818715356318,1.168473106849143,1.0771415241999203
2021-12-14,1.2255767466971015,1.178918990089396,1.160554535695274,1.07346907146844
2021-12-15,1.2438686412859419,1.192934579941605,1.1758807275103282,1.080023319158293
2021-12-16,1.232866520395953,1.1786428998621088,1.156287341686293,1.0754918308139412
2021-12-17,1.2212210349870858,1.1759967748390785,1.1602757104364179,1.0740625940454331
2021-12-20,1.2064188292662583,1.1566031531928005,1.141568302120055,1.0663160271760006
2021-12-21,1.2284457991194406,1.1866517384119923,1.1722791101340235,1.0766971795637916
2021-12-22,1.2401688455843063,1.1970718193149272,1.184195089825277,1.0817884895153893
2021-12-23,1.24791223206648,1.205014238980906,1.1921877336201088,1.083581601336688
2021-12-27,1.2637192455838016,1.219002579580037,1.2064321484072558,1.0901203475228514
2021-12-28,1.2623982688152127,1.2183273033444104,1.2024129409218955,1.08954197097268
2021-12-29,1.2640293519794474,1.2235529605988833,1.2060274663718658,1.089752022104347
2021-12-30,1.2608348886228729,1.221150144857249,1.2029471694524227,1.0894895340837278
2021-12-31,1.2577599600036704,1.2214739480362888,1.2016903574500466,1.0882459887061726
2022-01-03,1.2649062423081552,1.222688468060955,1.2133825392037279,1.0892271787872576
2022-01-04,1.2645190606380199,1.226667115354982,1.2191847800744866,1.0895823130320375
2022-01-05,1.2399273359249747,1.1975352231420402,1.1862324183591795,1.0759093244560016
2022-01-06,1.2384636245448082,1.2025615214980747,1.1932413421327834,1.0764596044587078
2022-01-07,1.2338025252845688,1.1943717140969827,1.180995755592215,1.072086553404245
2022-01-10,1.2316957119610124,1.1897237341670164,1.1768446764587532,1.0695660528609647
2022-01-11,1.2430010481458027,1.2019193893385238,1.1872241897037168,1.0743574898855095
2022-01-12,1.2454541804277466,1.199485994200877,1.1820236612504154,1.0738934678232077
2022-01-13,1.2288645137912404,1.192202848765994,1.1777961041433915,1.069767328768233
2022-01-14,1.2285635383708131,1.188771768865847,1.1801179185748765,1.0678544809505688
2022-01-18,1.2062510074329948,1.1631390727721302,1.1491602111517998,1.0558252851161878
2022-01-19,1.193870849905883,1.1484687300533292,1.130646159903001,1.0504092026688419
2022-01-20,1.180555127846206,1.1301300639148262,1.108767921319761,1.0434211337416615
2022-01-21,1.1580483429079647,1.1104203479984611,1.0910110443327405,1.0344397945046613
2022-01-24,1.1638008044981931,1.128534928502498,1.1152380513944247,1.0393222479173865
2022-01-25,1.1497267950372867,1.1092462517672887,1.1005070893119477,1.0317660126082626
2022-01-26,1.1460611210173353,1.0984021833978936,1.0853805350161636,1.0249008516086118
2022-01-27,1.1398245003165666,1.083624068305421,1.0638881272156864,1.0197710657180428
2022-01-28,1.16696562287145,1.1051735396341584,1.0820333406014413,1.0301531639247943
2022-01-31,1.1891643564621905,1.1315080926006806,1.1084832116551406,1.0400057210203058
2022-02-01,1.198193548552959,1.143074947453154,1.1188150160205592,1.0437585048940397
2022-02-02,1.2073388706463122,1.1444939424071503,1.1131074399981067,1.0473337483785454
2022-02-03,1.1796298187930814,1.1246219161729847,1.0952341955488616,1.0355293112833994
2022-02-04,1.1860126490308207,1.1281646400497847,1.09734989487443,1.0353720299947144
2022-02-07,1.1826845328855724,1.128969396561689,1.0990672684388492,1.0344064441061345
2022-02-08,1.1932331703040857,1.147030205233073,1.1182478177435644,1.0382008555993696
2022-02-09,1.210782376848875,1.1693787180141468,1.1346452464056846,1.0465949854313588
2022-02-10,1.190258422423265,1.1521507292539495,1.119471791967814,1.0350431066560775
2022-02-11,1.1673794700509428,1.136036248528245,1.1115859029927981,1.028265005051132
2022-02-14,1.1632698823562773,1.129939770234546,1.1081853587740964,1.0243659296007037
2022-02-15,1.1823502667207308,1.1539555706716362,1.1339816768605184,1.0322354612759146
2022-02-16,1.1831238160216542,1.1570707158198297,1.1367490635524033,1.0332734436726743
2022-02-17,1.1578152212317998,1.1311578957326727,1.112464404219954,1.0236790058718712
2022-02-18,1.149311089667025,1.1250326980758416,1.1053240410094287,1.0209076071686627
2022-02-22,1.1362238208018167,1.109678587988179,1.0898757747489152,1.015531558337961
2022-02-23,1.1159685339143306,1.0897661921786144,1.0715837846788945,1.0059480827645628
2022-02-24,1.1326366722777064,1.1079877482734035,1.0918498558062402,1.0154088601735078
2022-02-25,1.1581657355647441,1.1385637649532,1.1175033855746945,1.027004964219886
2022-02-28,1.155907618958327,1.137529668610213,1.121943246510419,1.028055098856101
2022-03-01,1.1378230841420158,1.1156213429048314,1.1006490366445743,1.021125348348664
2022-03-02,1.1586456226957302,1.1430459566361901,1.1289472451563183,1.0281914903001177
2022-03-03,1.1518069432158626,1.133503552767092,1.1193272952683173,1.0254290895723943
2022-03-04,1.141853122991945,1.1171686544491102,1.1025665110869483,1.0204596351826973
2022-03-07,1.1081216155783982,1.0764711392026622,1.0741337737219634,1.004678842387956
2022-03-08,1.100698378478364,1.0777531592890646,1.0782671658098761,1.0018172153395328
2022-03-09,1.130111636262335,1.1080410415900142,1.104231356859039,1.0132820537442426
2022-03-10,1.1250300275943068,1.1067351840585828,1.1034264592925724,1.0105206728265843
2022-03-11,1.1108342534084221,1.0933907727855268,1.0893294165137282,1.0027809688630283
2022-03-14,1.1022822308205886,1.0827615672762994,1.0745865916831296,0.9947737688839162
2022-03-15,1.1257486166778294,1.1002567689331324,1.0882063492611305,1.0022528238426378
2022-03-16,1.1513004111301655,1.1306986488271966,1.1186700113789023,1.0144578145511574
2022-03-17,1.1660916499288105,1.1442919466214831,1.1332938617471644,1.021210225986713
2022-03-18,1.1786571650695712,1.154323104176667,1.141648110299101,1.026852091978634
2022-03-21,1.1768490563761986,1.1506135292405266,1.134817514968522,1.0211957489786299
2022-03-22,1.1905194431770836,1.1593178167193479,1.1417834074099247,1.0246690967722472
2022-03-23,1.1738034157585289,1.139050769501283,1.121127167038176,1.0172270642037164
2022-03-24,1.1890247115341566,1.1515670390610184,1.1310370017365305,1.021759424289949
2022-03-25,1.1943120796732685,1.1578764344781005,1.1364417695335816,1.0217306358080456
2022-03-28,1.2021167614420205,1.1606421503629551,1.133539105185044,1.0237391163545673
2022-03-29,1.2182316412611391,1.1847858234244248,1.1615181713947706,1.0342577493814793
2022-03-30,1.2099617990088554,1.1690008402192338,1.1415506326407054,1.0297652784150972
2022-03-31,1.1920226239878664,1.1526134642875152,1.127423860003413,1.0231829446637672
2022-04-01,1.1958344603369542,1.159625196937238,1.1389240118994455,1.0256408380754862
2022-04-04,1.2051252310124967,1.1600216543845008,1.137423667750052,1.0282840391854138
2022-04-05,1.189673880478811,1.1404321629041854,1.112535728670096,1.018646025386597
2022-04-06,1.1777300958553012,1.1283095360452722,1.0985739167524062,1.0121265064799965
2022-04-07,1.1826386601201693,1.1271100807642471,1.0966696939074683,1.0107641992344718
2022-04-08,1.1800596633656946,1.1269661014693282,1.0909986468242079,1.008301938497025
2022-04-11,1.1612105064465363,1.1198553462954401,1.0846115999180563,1.0007492809447067
2022-04-12,1.1573383790071623,1.1174593049085777,1.0887118752860878,1.0000823971210289
2022-04-13,1.1713160431423777,1.1356705851375872,1.1079223091010768,1.0071805585894875
2022-04-14,1.1578446087840455,1.1274187350608922,1.0996596364690547,1.0000464071306958
2022-04-18,1.157035860670973,1.1240168160590276,1.094624095312064,0.997959030869103
2022-04-19,1.1762285232545904,1.1486179796953655,1.1168342341689887,1.004404297130206
2022-04-20,1.1760900772317346,1.15561254935683,1.1234031772546058,1.0063659698421146
2022-04-21,1.1581364622801285,1.1337878169505644,1.102914298265427,0.9956479786467792
2022-04-22,1.1265493600053884,1.1034014316542504,1.0750833543050935,0.9829011874054988
2022-04-25,1.1334105986024074,1.1094047202641046,1.0796587922997913,0.986354118141479
2022-04-26,1.1013431796095854,1.0779781431627837,1.047219079982826,0.9727106947250452
2022-04-27,1.1035659950427066,1.0786791973360397,1.0440322833573012,0.9710947102647726
2022-04-28,1.130186063617484,1.0990038490822773,1.0648722392639964,0.9817291936535788
2022-04-29,1.0900063116887824,1.0674162440527246,1.0356691876645288,0.9641650147878252
2022-05-02,1.096734655167484,1.0735032878078064,1.0439948677232005,0.9647277788742451
2022-05-03,1.1013076830171142,1.0836274363989618,1.054256410704482,0.9684589978219477
2022-05-04,1.1338961245438395,1.1131716094875268,1.0818061910918013,0.9820829920699308
2022-05-05,1.093465339271332,1.0726183139411465,1.0414761367218244,0.9624578208798349
2022-05-06,1.08633944976236,1.0580641425492292,1.0282496417004157,0.9558252145471489
2022-05-09,1.0514198263885617,1.019289332245338,0.9933669848716297,0.9390751207620547
2022-05-10,1.0532274506470323,1.0168621035921697,0.9879486972965589,0.9380127244908169
2022-05-11,1.0360106524024513,0.9993691302947469,0.9693780191815827,0.931008848796676
2022-05-12,1.0358174042835029,1.008400510349175,0.9815850697538164,0.9341742039509856
2022-05-13,1.0607463818056728,1.0370731339915875,1.0087994791955952,0.944602221117609
2022-05-16,1.0565912360805256,1.0306053202864265,1.0042669263379265,0.9426622108785228
2022-05-17,1.0776988880824505,1.05865568258549,1.033953728684353,0.9515756203952965
2022-05-18,1.0354343998899265,1.018292786209982,0.9998115689212235,0.9354064551037534
2022-05-19,1.0299144056129268,1.0188493351704904,0.9978770632327826,0.935421037207115
2022-05-20,1.0296738038194153,1.0172904592216359,0.9941840044089624,0.9374080826999185
2022-05-23,1.048439508637859,1.0286214642880558,1.0052453548180813,0.9446128022065104
2022-05-24,1.0405166234693064,1.0152757768712821,0.9925132146772544,0.9428691128799286
2022-05-25,1.0503288558746509,1.0331286784476872,1.0124719691345452,0.9520912969246271
2022-05-26,1.071237235347197,1.0574613625276021,1.0345291472813725,0.9630888482136509
2022-05-27,1.097079796918233,1.0830683044138905,1.059325754631442,0.9766431124532251
2022-05-31,1.0899893990254057,1.0715001496556826,1.0471895321007607,0.9716230026965813
2022-06-01,1.0819267762323046,1.0618488280380822,1.042700048719565,0.9662866054219759
2022-06-02,1.1024217134444767,1.0856254552585722,1.0645576617500496,0.9770101913573362
2022-06-03,1.0852361877987347,1.072861548777251,1.0547053616129662,0.970251650564496
2022-06-06,1.0882216869085308,1.0781053111285368,1.060827042244032,0.9704638644659952
2022-06-07,1.0988185767291703,1.0919350869238311,1.0732301376790796,0.9756106388435313
2022-06-08,1.0871726105123418,1.0731535236844174,1.055825761786972,0.9676162711140006
2022-06-09,1.0610662480640776,1.0491981317853012,1.034015487098401,0.9551465904877127
2022-06-10,1.0301425516914584,1.0200159776080369,1.0068165786521255,0.9389549907858374
2022-06-13,0.9906404562655338,0.9730135855908523,0.9597590245915453,0.9112495158370937
2022-06-14,0.9875032122515375,0.9691288506424882,0.9569990877540684,0.9081208107246018
2022-06-15,1.0013929869235734,0.9807574592126007,0.9676338292979996,0.916955913720359
2022-06-16,0.9685417842998947,0.9356285040087674,0.9208902131701686,0.8984151756513135
2022-06-17,0.9704570133585635,0.942915544906082,0.9281686818904061,0.9017200832083765
2022-06-21,0.9932918581772252,0.956054187735963,0.941659777183804,0.9075856124080095
2022-06-22,0.9912571967281596,0.9531088708435835,0.9390053816492543,0.9095979781142325
2022-06-23,1.0004090203621059,0.9599969846368488,0.947029608176582,0.9158672298616107
2022-06-24,1.0314133873607425,0.993068776587558,0.9768677062671537,0.9307625599788731
2022-06-27,1.028249005408425,0.9955331361408225,0.9828294204498514,0.9297501609276708
2022-06-28,1.0075688946756043,0.9807322121126617,0.9677104885224219,0.9213710370928265
2022-06-29,1.0063104902312903,0.9729261401201426,0.9585856461104956,0.9205658683115214
2022-06-30,0.9979896815202192,0.9639323586952994,0.9520093877114064,0.9184178420631159
2022-07-01,1.008297974717634,0.9765365292275283,0.962478560218556,0.9258398646742915
2022-07-05,1.010488923588137,0.9763648456687792,0.9647657845945297,0.9283314290219336
2022-07-06,1.0130941227037333,0.9718907783241968,0.9554198646468371,0.9264843673723714
2022-07-07,1.0284809604065257,0.991721326580236,0.9745652424753907,0.9339958280538713
2022-07-08,1.0276801340165107,0.9883768889528417,0.9724968483138441,0.9319995592118342
2022-07-11,1.0159189297895623,0.9767333406252341,0.958167826794629,0.9274430650794453
2022-07-12,1.0074312372179672,0.9737095806640584,0.9557316517290457,0.9248443831939934
2022-07-13,1.0023640106074378,0.9704986290917822,0.9536970959512109,0.9241524600628618
2022-07-14,0.9988211133940046,0.9606735419429459,0.944391628435769,0.9199979470036754
2022-07-15,1.0179588760217888,0.9791179353488759,0.9637102919321354,0.930206425140648
2022-07-18,1.0103137199546695,0.977079019901534,0.9632926494512922,0.9269812813147815
2022-07-19,1.037868073266665,1.0081134838763133,0.996506707748001,0.941820249543925
2022-07-20,1.0446911121350893,1.0188755617789396,1.0110377929767431,0.9465966415041721
2022-07-21,1.0546947415533534,1.0266968699350427,1.0149013294748737,0.9518993569251794
2022-07-22,1.0448796792130115,1.0171922433167617,1.004157505247746,0.9492161069042891
2022-07-25,1.0462196201589016,1.022058119759452,1.009928643461558,0.9490017185634423
2022-07-26,1.0340717903379322,1.0146759367709208,1.0035904248356613,0.9452949722534459
2022-07-27,1.0597921171370404,1.0353068847550213,1.0257381955548674,0.9576352991158318
2022-07-28,1.0728644502269888,1.0521271460595734,1.0402927917186302,0.9673540002347523
2022-07-29,1.0877813155373222,1.0651906039914913,1.0495332519496496,0.9726662300197332
2022-08-01,1.0850735007954597,1.063750802603401,1.0512301490432612,0.9718849091943217
2022-08-02,1.0776948105484225,1.05584905392048,1.0438666048199932,0.9668640339206633
2022-08-03,1.09447272549799,1.0654213949986568,1.0553391987830354,0.9746461043885328
2022-08-04,1.0935048119935598,1.0596474852413524,1.0483004636760194,0.9736538676509512
2022-08-05,1.092409252918249,1.0647713329540067,1.0542465498858167,0.970407810464897
2022-08-08,1.0924476136194061,1.0712902002519504,1.061942512975557,0.9738003054961352
2022-08-09,1.0873790945745265,1.0622920172703878,1.047939804076531,0.9700901541651676
2022-08-10,1.1104690496477394,1.0887858238151154,1.0729654468003385,0.982149988160111
2022-08-11,1.1107668222847447,1.094179415563223,1.0788974653570453,0.9814912828473555
2022-08-12,1.128999387698717,1.1115127324319578,1.0983878137618006,0.9917350473217263
2022-08-15,1.1337514626010687,1.1129026987246533,1.101696314224641,0.9937590367423188
2022-08-16,1.1366122899009385,1.1182567649904234,1.1063673105176202,0.9944333677757585
2022-08-17,1.128001672161581,1.1038248769258627,1.0901842905016799,0.9862896668977555
2022-08-18,1.1308395488709861,1.1109532372024435,1.0989512991650612,0.9878384564828779
2022-08-19,1.1156889370811134,1.093388866859296,1.0785191308289908,0.9777891428180089
2022-08-22,1.09243360303813,1.070047667632293,1.0548715637477089,0.9652474496200432
2022-08-23,1.0896394721780733,1.07023709863677,1.0551273086135375,0.9635826246573761
2022-08-24,1.0932311599956714,1.0764533978272999,1.0596323448136304,0.9648971934761295
2022-08-25,1.1085634135112485,1.0944231156455504,1.0786091874871166,0.9741123654174672
2022-08-26,1.071654542388943,1.0607948434882941,1.0443319773171573,0.9569116995892544
2022-08-29,1.0644519241047614,1.0538265127600714,1.034956760871359,0.9516335531497728
2022-08-30,1.0528586644797377,1.0400217814382902,1.0202895015013862,0.9453919613247201
2022-08-31,1.044868884919498,1.0330266304659919,1.011906173746576,0.9411182550935349
2022-09-01,1.0472554706284825,1.0259635422584081,1.000891002687511,0.9369829410345787
2022-09-02,1.0364767309847738,1.0192535235778934,0.9937038915463372,0.9332179052824923
2022-09-06,1.032236457307909,1.0137044401708435,0.9823696091956609,0.9276366779670172
2022-09-07,1.0506053935479147,1.0367397907883145,1.0017622274464881,0.9386431854962541
2022-09-08,1.0578522471542429,1.046764271480157,1.0081907204974256,0.941078836548656
2022-09-09,1.074477610026563,1.0653016640578197,1.0278442095325044,0.9501002115089924
2022-09-12,1.0857539235431901,1.0753154763180637,1.0400659108123336,0.9552986262038088
2022-09-13,1.0391664288216307,1.034782609732349,1.0003048561499865,0.9328836056104438
2022-09-14,1.0427484335356176,1.034983259389654,1.001041111401533,0.9330172828551472
2022-09-15,1.0319871217551877,1.0277961558203628,0.9934462195674841,0.9274937610766462
2022-09-16,1.0231762787823109,1.0122414652984884,0.9827870996516299,0.9226220340308867
2022-09-19,1.0302010003413031,1.022751745314526,0.9927101748180364,0.924994937109192
2022-09-20,1.018400335608113,1.0051628208310086,0.978506432891486,0.9150851770641731
2022-09-21,1.000294123930641,0.9900548889336291,0.9657803562418177,0.9071696114962333
2022-09-22,0.99115915754138,0.9690017325577676,0.9445591379323645,0.8977147566523729
2022-09-23,0.9733877636086892,0.948692773677537,0.9227200399028074,0.8873929626441462
2022-09-26,0.962066309111392,0.9325211781302315,0.9079519383369788,0.8770467784459826
2022-09-27,0.9598516433094616,0.9327265448125652,0.9091390713266255,0.8751248215728423
2022-09-28,0.9786938290808093,0.9574469005014266,0.9348860462294406,0.8893183415140506
2022-09-29,0.9589323660449989,0.9381451821311743,0.9155647996057796,0.8778577208138092
2022-09-30,0.9451031069469821,0.9312586199935426,0.9100322231143344,0.87398378155985
2022-10-03,0.9693804012029339,0.9580051693619438,0.9336217460841243,0.887046391460252
2022-10-04,0.9996630858694469,0.9953787029913455,0.9702653283432437,0.9054622800814893
2022-10-05,0.9974336963824962,0.9902297218327131,0.9640816208662957,0.9017667013204905
2022-10-06,0.987555231838797,0.9819521324427003,0.9584801224614041,0.8963101054272933
2022-10-07,0.9604263583340785,0.9567415985643767,0.9336339189809737,0.8837354768571969
2022-10-10,0.9534083990542326,0.9525318291721946,0.9313553037820878,0.8794304846339347
2022-10-11,0.9478039878145254,0.9518587103944948,0.9326550886107934,0.8785695850804487
2022-10-12,0.9452915998698166,0.9467674538049929,0.9276143173402274,0.8764825311362258
2022-10-13,0.9698085915327053,0.9663962608786822,0.9503593328138088,0.8860222755090106
2022-10-14,0.948312793339625,0.942226388551833,0.9273166839389553,0.874618427219709
2022-10-17,0.9723173429936355,0.9675818774018698,0.9537453475796316,0.887786487532229
2022-10-18,0.9839459011659618,0.9821386508841065,0.9655700729312343,0.8942002073224503
2022-10-19,0.9766090676560306,0.9651948085242725,0.9499857791458177,0.8858786385730604
2022-10-20,0.9691727920013713,0.9522026958378506,0.9366340325365318,0.8787608475885077
2022-10-21,0.9920086219560527,0.9713059535404518,0.9578317964269939,0.8874096634527214
2022-10-24,1.0035930630536003,0.9785248251186569,0.9645953284254798,0.8892406161440864
2022-10-25,1.020194682491978,1.002570918443766,0.9886092540822825,0.9010414237232738
2022-10-26,1.013811420302971,1.0042463599391485,0.9922588188616106,0.9000386667240854
2022-10-27,1.0101428276925797,1.004821500069719,0.9940077197066992,0.8990280722630395
2022-10-28,1.0337737205063575,1.0237466116851992,1.0151075376123677,0.9092784589946452
2022-10-31,1.026986536856826,1.022304456151526,1.01454039683659,0.906123117174835
2022-11-01,1.0234387194541659,1.0264044610100684,1.0183096361574124,0.9065326517301862
2022-11-02,0.9981948592932095,0.9969767402041467,0.9847407384738179,0.8933544593886654
2022-11-03,0.9886679212362273,0.9945168227312231,0.9790970636941688,0.8885650875036002
2022-11-04,1.001970404206328,1.0094063496709829,0.9927515765460688,0.8948900464093859
2022-11-07,1.0119296148347943,1.0174266442383564,1.0017572005690916,0.8981253614578383
2022-11-08,1.0178490534239408,1.0208089692938622,1.0031909255919977,0.9016068978907955
2022-11-09,0.996617755731283,0.9993165793434279,0.9791212797566089,0.8923954762614805
2022-11-10,1.050328093934137,1.0581351158627337,1.038477477078827,0.9277171022796806
2022-11-11,1.0599128388536934,1.0657873744679653,1.0462757777524305,0.9325399481880506
2022-11-14,1.0509395497999028,1.0542956152310023,1.034966344715865,0.9259716624360421
2022-11-15,1.0598262301207666,1.0695194634818403,1.049745080883135,0.9346982629167419
2022-11-16,1.0514674159076705,1.054728846639363,1.031632321510142,0.9314932761350319
2022-11-17,1.0480848575127986,1.0470343435472516,1.025766709134711,0.9283764496815013
2022-11-18,1.0527876339339244,1.0541283346594623,1.0319924296892402,0.931310203756966
2022-11-21,1.0487984199636502,1.0515391910544785,1.028449777928269,0.9298972540899644
2022-11-22,1.0626779609891,1.0680109002032452,1.041155990706118,0.9380901960746058
2022-11-23,1.0688301283819786,1.0709047069443516,1.0436594302037538,0.9423286033851513
2022-11-25,1.0694518022990989,1.0752179156601647,1.0465485390620999,0.9428463879796753
2022-11-28,1.0527061659603472,1.0549607401228676,1.0260199068358222,0.9333373017631273
2022-11-29,1.0511226399863975,1.058311114934878,1.0297321213469077,0.9346808843717022
2022-11-30,1.0828515034051895,1.0841385619591706,1.0554489167133414,0.9511957753593056
2022-12-01,1.082293190947037,1.084079178215197,1.0542818959430431,0.9524747065379296
2022-12-02,1.081253230592466,1.0842064860028384,1.0582858339066972,0.9533013377206632
2022-12-05,1.061618760737807,1.0577246187387082,1.0294746360914422,0.9403493745875062
2022-12-06,1.0465680872340803,1.0451539591284003,1.0177327844364052,0.934125920979819
2022-12-07,1.0439686187509827,1.0424532692998227,1.0130105232706481,0.934468260706915
2022-12-08,1.052087468522407,1.0503588018487744,1.018560691007795,0.9368169224340837
2022-12-09,1.0440160803865481,1.0403185870542582,1.0080318866962088,0.9316548393935172
2022-12-12,1.059002726303981,1.0531272707953265,1.019443644966071,0.9375287769927834
2022-12-13,1.0654788232247618,1.0594929445350427,1.0241587861944992,0.9440846508767018
2022-12-14,1.0594643806774187,1.0540139175689,1.0168603192773586,0.9409484978741858
2022-12-15,1.0332065514452935,1.0304142524445334,0.9932663545875561,0.9288633215837736
2022-12-16,1.0208942783368118,1.018128559368068,0.9833716002158123,0.9224045854411133
2022-12-19,1.0114265936486773,1.005658177141274,0.9734328607802465,0.9141250650614029
2022-12-20,1.0126917714057853,1.0096265915912046,0.974323522497853,0.9129580430884198
2022-12-21,1.0280990839973148,1.027534872020341,0.9897624069179336,0.9211320345985576
2022-12-22,1.0132082587957114,1.0145302270391485,0.9765404567599948,0.9149031093855923
2022-12-23,1.0188056183065775,1.0214925070440262,0.9826361544572368,0.916552412709143
2022-12-27,1.0152136974252357,1.021088013007827,0.9807383194346235,0.9132232007430011
2022-12-28,1.0027723828508157,1.0043432929294012,0.9629871246850789,0.9053081554534538
2022-12-29,1.0201348319530645,1.0241861113750919,0.9848608762459237,0.9164732447141436
2022-12-30,1.0177111529166543,1.0197352562311908,0.9810861474319323,0.914078054635066
2023-01-03,1.0138098938293107,1.0148269642954044,0.9778974041349936,0.9144363989348733
2023-01-04,1.0216441893293469,1.030485909761463,0.9908655162335593,0.9230448600224981
2023-01-05,1.0100322099194081,1.0194305729266984,0.9811902483588766,0.9168353305664536
2023-01-06,1.0325149328606928,1.0444650697943758,1.0043450556184288,0.9314482932522236
2023-01-09,1.0321976528033985,1.0457733385808397,1.00549433735713,0.9331537440330937
2023-01-10,1.0396283199619307,1.0557583577584357,1.018223992567106,0.9375726550636376
2023-01-11,1.052554684469233,1.0697756451221372,1.0308457813389413,0.9463831737875551
2023-01-12,1.0572104480440718,1.0781487638369727,1.0449751261594826,0.9533433654703307
2023-01-13,1.0614140321745662,1.082703288032139,1.050925401451861,0.954470223892696
2023-01-17,1.05863811886957,1.0812514274558516,1.0485436988375982,0.9534346240344762
2023-01-18,1.0417377375810442,1.0668288511667978,1.0325448745339112,0.9485223350727354
2023-01-19,1.0337617424282186,1.0552080352157136,1.0226070340766413,0.9444011626462164
2023-01-20,1.0522101728610447,1.0736698111393592,1.0396248126746799,0.9528590645551026
2023-01-23,1.0646752944731472,1.0876400539458353,1.0523943763837684,0.9584710827935284
2023-01-24,1.0637271870794054,1.084008925712948,1.0485328500659883,0.9585779677160988
2023-01-25,1.0639960434694242,1.086624649080348,1.0513208925879085,0.9599017669592618
2023-01-26,1.075291830338499,1.0964809653790464,1.0587099117035754,0.9645563877221506
2023-01-27,1.078313722698086,1.1008389460337176,1.0640919019104516,0.9666430316808083
2023-01-30,1.0649355384275063,1.088105984170101,1.0515244982806902,0.9596013316499926
2023-01-31,1.080596830304379,1.1123971957673453,1.0774900238358651,0.9707893183397192
2023-02-01,1.0914966181699421,1.128972100570096,1.0948051168124557,0.9788590787713173
2023-02-02,1.10599261735235,1.1428724061475874,1.1177962624653417,0.9906197692188029
2023-02-03,1.0951552898276482,1.1321052410772379,1.1119440920175772,0.9823403742833349
2023-02-06,1.0885284621116977,1.1209917583301747,1.0951394093666318,0.9747382423163511
2023-02-07,1.101985261196114,1.1300533848609184,1.1027671214044756,0.9792073311057351
2023-02-08,1.0905514272131325,1.1178025572190344,1.0876053245919417,0.9729359975052956
2023-02-09,1.0808358593151397,1.1045900136709808,1.0726857992214678,0.9657575768102655
2023-02-10,1.083257906279729,1.1071637184139522,1.0745598311983282,0.9649666376657314
2023-02-13,1.0959290942636877,1.1195513438980755,1.0877722149384557,0.9717296971480718
2023-02-14,1.095536920464992,1.1205687078057327,1.0864042193656571,0.9701911014141728
2023-02-15,1.0997181321435587,1.1289768588031042,1.0968002781753614,0.972121296215012
2023-02-16,1.0849679243642951,1.1192597391830232,1.087887423071087,0.9639802032937613
2023-02-17,1.0825079824023645,1.1166698614193091,1.0884932481748346,0.9619392632046441
2023-02-21,1.0603784389635664,1.0896122060243336,1.0574151263613163,0.9469961054480995
2023-02-22,1.0589792604771107,1.0911803373606201,1.0608088521056491,0.9480351423371536
2023-02-23,1.0644020959844251,1.0959709041301113,1.0671284430693595,0.9515126953647538
2023-02-24,1.0529971873603834,1.0878511257878576,1.058512125072445,0.944772217885047
2023-02-27,1.0564547334864287,1.09037836799107,1.0610975895163564,0.946827260470577
2023-02-28,1.0527849537489447,1.087655982641349,1.0605515545311053,0.9462226194195581
2023-03-01,1.0497409363663721,1.0893343902160157,1.0628868664729887,0.9425338764653682
2023-03-02,1.057418003638911,1.0961232560767613,1.0665623716513748,0.9456469161015607
2023-03-03,1.0739439063286706,1.10932096470651,1.079642883286916,0.9551682290518325
2023-03-06,1.0739982873157952,1.0978391463709232,1.0591910345278979,0.9504776881227636
2023-03-07,1.0573953621315655,1.0841047754447986,1.047959338288285,0.9431815970146897
2023-03-08,1.0586903420899823,1.085137642616724,1.0492275348978748,0.9443625420169286
2023-03-09,1.0387799800070416,1.0587987270944546,1.023333930343498,0.9339089558214624
2023-03-10,1.0231154221284382,1.0289971764449268,0.9957409763417252,0.9249955070835126
2023-03-13,1.0204993226231744,1.0123984644658701,0.9739813201969162,0.9229216804036234
2023-03-14,1.0371707706063147,1.0301604358192071,0.99329980654628,0.9306433694356605
2023-03-15,1.029777290095507,1.0093998606447483,0.9764627292064966,0.9283724428978665
2023-03-16,1.0469122421407937,1.0233948470299916,0.9911678031659767,0.9351470467064821
2023-03-17,1.033654900124107,1.0003922489496275,0.9648802204204842,0.9269532022569655
2023-03-20,1.0430691230366766,1.0153928683136253,0.9774863716670076,0.930687278183461
2023-03-21,1.05710492137768,1.0330167947577287,0.9946696845485168,0.9374465387363274
2023-03-22,1.0381451702285567,1.006469705251853,0.9674957146162049,0.9273961783594046
2023-03-23,1.0386448238153776,1.000766334761041,0.9592437918370776,0.9268290921232495
2023-03-24,1.0444968447659109,1.0084384841585603,0.968621656750279,0.9323855168583081
2023-03-27,1.047320323252555,1.0175678101127552,0.978915355332978,0.932883753944126
2023-03-28,1.0454988825034461,1.0194846938495825,0.9793901455698039,0.9326340105819493
2023-03-29,1.0600178948324934,1.03337114197199,0.9884871201894931,0.9399543810784787
2023-03-30,1.0659093604298282,1.0369083997200708,0.9887617536365687,0.942954013600047
2023-03-31,1.0811800068899518,1.054961533575695,1.0077490891358172,0.953294164486003
2023-04-03,1.08551678386229,1.0542680059818534,1.0081388417314967,0.953520200599013
2023-04-04,1.078894900183489,1.038232244231729,0.9893426320169258,0.9495883149199752
2023-04-05,1.0762645861910747,1.030666769268604,0.9811618703734142,0.9477279832467739
2023-04-06,1.0796302931540234,1.030037748681273,0.9815596797406245,0.9491797207215186
2023-04-10,1.081612117350887,1.0411313776102564,0.9931081435455771,0.9512181011961687
2023-04-11,1.0824161199466296,1.0502266622038852,1.000607928038761,0.9539734824858409
2023-04-12,1.0783836483500109,1.0443667086200266,0.9933418018054097,0.951914648571129
2023-04-13,1.0922731601259483,1.0522797923451086,1.0026270924259977,0.9568517837892704
2023-04-14,1.0893644421913615,1.0469051465804917,0.9947206940677887,0.9522694936962247
2023-04-17,1.0932868112747456,1.0549902802959235,1.0025000430450937,0.9544765062500825
2023-04-18,1.0940241407274394,1.0542070537547996,0.9982991452280093,0.9517322554312172
2023-04-19,1.0937650920955033,1.055639942443586,1.000915855448387,0.9515282193155998
2023-04-20,1.0876152079975434,1.0510352471964572,0.9961748611123192,0.9492169683317757
2023-04-21,1.0885193471345516,1.0508257613113925,0.994996792773285,0.9489134296265538
2023-04-24,1.0894509606583362,1.0512378763169248,0.9946698862630152,0.9499642063119706
2023-04-25,1.0723749993198868,1.0307854314956477,0.969927638063342,0.9417671586743923
2023-04-26,1.0676009119300356,1.0213948429769397,0.9611576661261734,0.9366463364654816
2023-04-27,1.0878157876251635,1.037360100778388,0.9756423369277674,0.9462512162332595
2023-04-28,1.0968885154147165,1.047049138603614,0.98501919245649,0.9528465248358043
2023-05-01,1.0961715555647324,1.0468066846482333,0.984933493448761,0.9486517660336561
2023-05-02,1.0834435566031428,1.0311877697190261,0.9664523518800613,0.943197619970027
2023-05-03,1.0762421940919704,1.029279345284159,0.9668954474207515,0.9424939434765326
2023-05-04,1.068289330917084,1.0145491397028952,0.9543394714281205,0.937472027585994
2023-05-05,1.087897748429713,1.0352459333646213,0.9773225585501,0.9476152903192187
2023-05-08,1.0883446685151785,1.0332171194810884,0.9737274783949558,0.945853562501398
2023-05-09,1.0841914352411703,1.0297090403135987,0.9688555710053651,0.9433291464777077
2023-05-10,1.088326007681921,1.0314024940421644,0.9724129168375608,0.9471195207506944
2023-05-11,1.0859152819680844,1.0256250599305796,0.965621437403541,0.9454306050799615
2023-05-12,1.0844139914664503,1.0253401712042018,0.9634008143554182,0.9434168534217579
2023-05-15,1.08826882771856,1.0338432792377459,0.9746346798827632,0.9466405163875927
2023-05-16,1.0800708096288187,1.0182436206382648,0.9606500387400735,0.9398989572407614
2023-05-17,1.0935469815195746,1.0342151110506264,0.9821212938380696,0.9470227212599791
2023-05-18,1.1038006815967665,1.0433460504415424,0.9905883449151205,0.9498864375303251
2023-05-19,1.1012809905009207,1.0357714337716581,0.9830381708853052,0.9462124862332947
2023-05-22,1.1017482214943146,1.0413850674075769,0.9916348882726193,0.948266272213808
2023-05-23,1.0901996447154811,1.0302793215425707,0.9877479930253215,0.9428021082443264
2023-05-24,1.0819392913426908,1.0198915812904008,0.9762257880042312,0.9369304914021672
2023-05-25,1.089432295559779,1.0192959433373638,0.9722772534586326,0.9374685419127231
2023-05-26,1.103414052532503,1.0290037637250116,0.9832504234681297,0.944863936752937
2023-05-30,1.1036967910465472,1.0281543967956561,0.9799173852525151,0.947024648657059
2023-05-31,1.0976488509907254,1.0156752391996218,0.9678370810858502,0.9438348648129323
2023-06-01,1.1076683092983626,1.0246520387152669,0.9766228212586894,0.9479899730102503
2023-06-02,1.1255075503966618,1.0546031519529582,1.013576471276878,0.9596331511930963
2023-06-05,1.1227655579588476,1.0462871088609742,0.9965936521608612,0.9564388437835571
2023-06-06,1.1260690687776638,1.0639434557200529,1.021558787602818,0.9636049160921543
2023-06-07,1.1225423645896937,1.0765558574133451,1.0422144957895991,0.9663538223325989
2023-06-08,1.1288151576616967,1.073084027182382,1.036675088048241,0.967760365315824
2023-06-09,1.1303250932731843,1.0679581790905988,1.0292938913848992,0.9654561758221519
2023-06-12,1.140054137331478,1.0746761804538507,1.0331016798618675,0.9696373248727836
2023-06-13,1.1477165188210947,1.086635855820657,1.043419443743497,0.9737107279034608
2023-06-14,1.1475761299650722,1.0814157018647017,1.031873301986714,0.9727014862074845
2023-06-15,1.161781071909405,1.0925739325006183,1.0413154021049262,0.9796725105572527
2023-06-16,1.1570996772039273,1.087761030874413,1.0360372034631018,0.9768119372153167
2023-06-20,1.150669759068823,1.0785093271113468,1.0311540047655632,0.9731442184659961
2023-06-21,1.143949919395242,1.075901394814379,1.0283105908881636,0.9706797170717806
2023-06-22,1.1472702168878475,1.0707468611245912,1.0190775090568556,0.96800951866659
2023-06-23,1.1376205156902421,1.058080779890877,1.0026400294130149,0.9626882835362116
2023-06-26,1.1338144365302874,1.0661082425842707,1.0085785170715318,0.9646565567746149
2023-06-27,1.1461603189053833,1.082780172394346,1.0259233078118464,0.9720381184334391
2023-06-28,1.1466519290570594,1.0831500020241351,1.0278687279391283,0.9736775545436553
2023-06-29,1.151538400608283,1.094459289857863,1.0430067353875856,0.9759236846668019
2023-06-30,1.1642438651290201,1.1025163526846862,1.0455728927348238,0.9809180262023476
2023-07-03,1.1663647335680882,1.1057169220218817,1.0513903727406582,0.9816786218750313
2023-07-05,1.1635101169441002,1.0974534715813316,1.038096999114052,0.9782273411773545
2023-07-06,1.1534980493822284,1.0859662237484522,1.0235996094637119,0.9704845562939248
2023-07-07,1.150898453105744,1.0948968906069598,1.0336445689450737,0.9723262829460352
2023-07-10,1.155133908676347,1.1082524862575067,1.0480459115281955,0.9770629692040155
2023-07-11,1.1637437206240389,1.1208759374768742,1.0586590112619412,0.9833526458631052
2023-07-12,1.1719410635311438,1.128434400263522,1.0695786470354776,0.9898304001905313
2023-07-13,1.1809834549473495,1.1350632889323298,1.0762199126903973,0.9959318676695895
2023-07-14,1.1800774798342477,1.1248058274747788,1.0664708036127486,0.9915097024732225
2023-07-17,1.1843983172250134,1.1316340187371186,1.074409021228395,0.9942735230663258
2023-07-18,1.1938782198275073,1.1410866231921084,1.0882462940614357,0.9994927156267795
2023-07-19,1.1968312246969626,1.14513264810647,1.093423941419085,1.0028179112150288
2023-07-20,1.190088909666178,1.1388595614637191,1.0849685372842097,0.9972844586498066
2023-07-21,1.1900492842598613,1.1374112825994704,1.0815762008807377,0.9967769438902179
2023-07-24,1.1949175030876587,1.138275683339994,1.0858888607356905,0.998511190454338
2023-07-25,1.1979172236004398,1.1406327310230981,1.0859215605359611,0.9987514963952323
2023-07-26,1.198454552365424,1.1450724936265215,1.0928091792531804,1.0019325595497366
2023-07-27,1.190095880301272,1.131888854608805,1.080548995295171,0.9942778668377052
2023-07-28,1.2014388668250189,1.1411764688426294,1.0921688274383656,0.9998036198919145
2023-07-31,1.2043773339271833,1.1467124467693426,1.1016741154485463,1.0027106039079976
2023-08-01,1.2015868304152628,1.143350154099847,1.096683796082927,0.9987107252721888
2023-08-02,1.1852868404646775,1.130082227366359,1.0854931263607102,0.9903797329096126
2023-08-03,1.182030347572946,1.1260021710683206,1.081908462754204,0.9853748079721345
2023-08-04,1.1766805817774824,1.1242189011460308,1.0807752790776333,0.9858197266067013
2023-08-07,1.1869447295978643,1.132565723219979,1.0859548182970606,0.9892266417047537
2023-08-08,1.1814951601006378,1.1234429635245804,1.0783880517083577,0.9872708763474854
2023-08-09,1.1734446951578545,1.11853799834934,1.070765892190487,0.984338980515521
2023-08-10,1.174133816690028,1.1168786575731628,1.067841334216673,0.9829727302394607
2023-08-11,1.1735480491128891,1.1162581603155455,1.0673097428503575,0.9817768538743555
2023-08-14,1.179209974038025,1.118073492672754,1.0646993925630208,0.9831551236582295
2023-08-15,1.165864371412833,1.1030489893174462,1.051922326308354,0.9758727269314436
2023-08-16,1.1572576591755561,1.0928422364268626,1.0395006510168043,0.969562592462123
2023-08-17,1.1479770454725462,1.080063521768053,1.0278157896729314,0.9631187177574908
2023-08-18,1.1486700292812626,1.0833651066862162,1.0329724748828508,0.9639830683712649
2023-08-21,1.1549702861197526,1.0838966760308604,1.0300883918011385,0.9636053119111969
2023-08-22,1.1514978920514103,1.0796799537972053,1.0271840581611016,0.9619117068844201
2023-08-23,1.1636375383532949,1.0910327736425245,1.0383291627382336,0.970626783289791
2023-08-24,1.148245990869636,1.079660128223084,1.0272935191558143,0.9633477016704792
2023-08-25,1.1560076135362596,1.0840990454523012,1.0301242907170038,0.9656224398295662
2023-08-28,1.1635465801397542,1.0932946517542736,1.0389252917198182,0.9704245460523677
2023-08-29,1.1796397848123694,1.1081753479596335,1.053328763189631,0.9800421381886056
2023-08-30,1.1843586840356586,1.1118447544052454,1.058013355501646,0.9818386608085636
2023-08-31,1.1827541323076738,1.1108653944085782,1.0569725122112004,0.9820736895063709
2023-09-01,1.185617276053367,1.1205317778557808,1.068097100053565,0.982862389044446
2023-09-05,1.1798451206472143,1.0988427917452535,1.0402848266911182,0.9736424823694285
2023-09-06,1.1721052574206419,1.0961192579923895,1.0374806309367146,0.9717468375903335
2023-09-07,1.1690508573776004,1.0877829238924797,1.0292893539260524,0.9688692535995609
2023-09-08,1.170718078390618,1.086741500905344,1.0259033413552394,0.9686058280442124
2023-09-11,1.177923198764177,1.0882158570243372,1.026467741130234,0.9707604540909036
2023-09-12,1.17220922064522,1.0875570150052485,1.025747836045205,0.9688862648550305
2023-09-13,1.172670131465774,1.0812071139091208,1.0196360403280726,0.967486245820799
2023-09-14,1.1829406350415699,1.0937746222279512,1.0352517007913837,0.9737278242127866
2023-09-15,1.1684900063181594,1.0826487697297105,1.0253799973912203,0.9673353881271766
2023-09-18,1.1686464966599992,1.0797600957150855,1.0196873709543839,0.9653111635561904
2023-09-19,1.1659421376456167,1.0775509497662843,1.0168162431554013,0.9636378109582512
2023-09-20,1.1552105670788102,1.071011948601913,1.007808620030726,0.9582650370543855
2023-09-21,1.136173242446044,1.0504863209002089,0.990999906875697,0.9450920652018673
2023-09-22,1.1335210716668525,1.048627025264146,0.9882462982652171,0.9447673747554455
2023-09-25,1.1377185179680531,1.0540442429870711,0.992581030739051,0.9438570470353166
2023-09-26,1.1202926274450205,1.0370554926317201,0.9773305093645663,0.9356032194121303
2023-09-27,1.1207868707652386,1.0426489784436963,0.986204241196181,0.9364626347867556
2023-09-28,1.1270020442727666,1.0531928373464234,0.9973404888596851,0.9405891264885796
2023-09-29,1.1239843659141207,1.0495613040002127,0.9921410229324021,0.9392809004336163
2023-10-02,1.1227709738828076,1.0363027523240493,0.9783898075263785,0.9317364568249621
2023-10-03,1.1072701515652967,1.0198917689891343,0.9617708289282922,0.9213843396378114
2023-10-04,1.1150500731605621,1.0257653812994636,0.9643198677113499,0.9263970583801427
2023-10-05,1.1143617027013857,1.0238779006639103,0.96336371273663,0.9262384661592546
2023-10-06,1.1274542707482555,1.0334433404540766,0.9702918506018772,0.9299904816751364
2023-10-09,1.1345886898187643,1.0412056384703143,0.9776715590435243,0.9371002385969088
2023-10-10,1.1407834269579693,1.0505763415033398,0.9882652304147375,0.9413683990501849
2023-10-11,1.1452539403946311,1.0540327277300399,0.9897808062101706,0.9466610528440149
2023-10-12,1.1374843588166732,1.0350697523553978,0.9701736521889353,0.9372254776716163
2023-10-13,1.1320567331396352,1.0294025842804082,0.9604790676262341,0.9345173904319541
2023-10-16,1.1442727566917574,1.0452535216601981,0.9773829763864685,0.9402932893500838
2023-10-17,1.1449317821530274,1.0559210405290516,0.9888359782940634,0.9412151111361133
2023-10-18,1.1294502682492717,1.033338534074909,0.9689498825498434,0.9299685475754493
2023-10-19,1.1194524517764606,1.0181114465988381,0.9540600753019233,0.9213667227246888
2023-10-20,1.1059792757998579,1.006036153560293,0.9430051630871072,0.9161475501385796
2023-10-23,1.1030564234852318,0.9974679770005385,0.9342718643123873,0.9138755561691685
2023-10-24,1.111350864790094,1.0034689402062604,0.9405318556633107,0.9188580782331491
2023-10-25,1.096299580739289,0.988288407163613,0.9270569132085738,0.9076422612254516
2023-10-26,1.0843182396864655,0.9910465931775456,0.9298208574852549,0.907765418651269
2023-10-27,1.0783215757648483,0.9789077826690071,0.9197871841464644,0.903288577704114
2023-10-30,1.0913862566094341,0.985810710263803,0.925592585748659,0.9072154427068881
2023-10-31,1.0981441234422071,0.9949408286477306,0.9334012193817037,0.9119227529863545
2023-11-01,1.1091320872038006,1.0001974666583697,0.9379535358783144,0.9175032108222609
2023-11-02,1.1303899544620988,1.0215361585459943,0.9616204714433,0.9323111312719945
2023-11-03,1.1414436978478242,1.0414849166765436,0.9872556786970458,0.9446772482805915
2023-11-06,1.1428700913355927,1.0320301135454015,0.9769263107991413,0.9404194153128066
2023-11-07,1.1461911799559312,1.030519323392928,0.9721622536586607,0.9420589222908988
2023-11-08,1.1464792001337238,1.0264043267917873,0.9634083338415378,0.9417496457182502
2023-11-09,1.137483312128355,1.0158857681779994,0.9504624181929351,0.9341410461079751
2023-11-10,1.1544311806366487,1.0278888630929923,0.960695622037535,0.942066459825401
2023-11-13,1.1537671196576076,1.0264474209545198,0.9603155993113278,0.9411480034708486
2023-11-14,1.1770113749518507,1.0645410374669444,1.0099122324564975,0.9642401835435322
2023-11-15,1.1799793624159631,1.0688113838626256,1.0132045907270961,0.9648495824525254
2023-11-16,1.1803129849364948,1.0594557281707602,0.9985378092728354,0.9633103413952749
2023-11-17,1.181976160886884,1.0677392339043081,1.0093192399762767,0.9668778980396218
2023-11-20,1.1909347844005054,1.0725320014733244,1.0138034670524338,0.9713717389668531
2023-11-21,1.1880201484409851,1.0680010045379302,1.0028435270798264,0.9690716442199439
2023-11-22,1.1930161934014967,1.0740966320246956,1.0085654521990335,0.9725880264417895
2023-11-24,1.1944181659815474,1.0787424439227173,1.0137858006022316,0.9731303031387605
2023-11-27,1.1925031708998763,1.0768342349135458,1.0109291898560924,0.9735705795368855
2023-11-28,1.1934854959081906,1.0716466929741606,1.006564286449159,0.9742011592066075
2023-11-29,1.1937583280528832,1.0764031188379775,1.0110085525870285,0.9782615575886796
2023-11-30,1.1999556556253166,1.0831728040141786,1.0149803038124339,0.9801125632163966
2023-12-01,1.2086236958878176,1.1075994550475838,1.0442271430361427,0.9915769681425474
2023-12-04,1.2035294767107279,1.1136501481495265,1.0561290273562665,0.9920983856236668
2023-12-05,1.202196321206376,1.1003768910966203,1.041038406892425,0.9894043380415771
2023-12-06,1.1968552869425393,1.0976404771374164,1.0381583528100793,0.9876338577269274
2023-12-07,1.2052404268036712,1.102922756826089,1.0480927584349828,0.9923632249046178
2023-12-08,1.210432640354326,1.1078873493328263,1.0541143417304124,0.9941273444411305
2023-12-11,1.2156379561032247,1.1149615127369235,1.0596580536477773,0.9962470201961076
2023-12-12,1.2208985459770512,1.1141295329002112,1.058130420006017,0.997613669295913
2023-12-13,1.2386858085469383,1.1415738114923402,1.0924540436456296,1.014552886068694
2023-12-14,1.2441752299115634,1.165693585436324,1.1224931343071762,1.0271245163637936
2023-12-15,1.2418582255982176,1.1548292939825242,1.1127386220917757,1.0234114645577053
2023-12-18,1.247123480782377,1.1553879991261733,1.1107231838934224,1.0230202398512027
2023-12-19,1.255267557944341,1.1695519347314123,1.1317452151750544,1.0304811993153054
2023-12-20,1.2353754792203446,1.1489170189479432,1.1075235462832476,1.0214851318442233
2023-12-21,1.247112974817218,1.1635907397357041,1.1243863520062771,1.0288288903559608
2023-12-22,1.2494998673127833,1.1684891279120695,1.1313500813241881,1.0297961421598187
2023-12-26,1.25501471170911,1.1769157207607623,1.1434846139338912,1.0343066971884805
2023-12-27,1.2573753813804383,1.1779544519899998,1.1472792478435034,1.0376646439292645
2023-12-28,1.2580323629877048,1.1782655427481499,1.1446233946967341,1.0370948816023422
2023-12-29,1.2540306771426295,1.168353279784839,1.1299330941701422,1.031781007835762
2024-01-02,1.2471282702477027,1.1634351307866533,1.123552381171892,1.0276395248439198
2024-01-03,1.2362531921252078,1.1390696254926336,1.093565258503415,1.0176883041573774
2024-01-04,1.2330824149574182,1.1376348882924712,1.0919201051356364,1.0155147152736739
2024-01-05,1.2347372405410957,1.1411822064149044,1.090209935708368,1.0150843323177858
2024-01-08,1.251248006864035,1.155983562468018,1.1086520844171452,1.0253026488204429
2024-01-09,1.2486937780295781,1.1490885563612603,1.0974827639650109,1.0222407634697388
2024-01-10,1.2555919811544651,1.151881088946435,1.1006715031130498,1.0240664519513352
2024-01-11,1.2549741087824333,1.1490915695309654,1.0938004989567647,1.0232137489992714
2024-01-12,1.2550883880297277,1.1478995766779745,1.0914470998780101,1.0233696236030958
2024-01-16,1.2498099045805646,1.1403101235368094,1.080791578119055,1.0180515290237933
2024-01-17,1.243042254717296,1.1317660200174602,1.0712679459857912,1.0118101912333526
2024-01-18,1.2535886006959918,1.1403021085058878,1.0801624059094268,1.0154122617275643
2024-01-19,1.268785238444398,1.1506161231456369,1.090831174541984,1.0215133013226965
2024-01-22,1.2727920025420207,1.163021017383621,1.1114842598876513,1.0274147530049234
2024-01-23,1.275351704658034,1.1593635323560592,1.1059209590659156,1.0263078994721244
2024-01-24,1.275496414571555,1.152022366212629,1.097371960589287,1.0233508218572165
2024-01-25,1.2823032616332521,1.1601961068804765,1.105743006158355,1.0297268593193447
2024-01-26,1.2816590220638582,1.1611388042541742,1.106976811436092,1.0291302392372077
2024-01-29,1.291915794496546,1.1720481852835192,1.1211619329907792,1.0369066932042967
2024-01-30,1.2910942249377326,1.169450103182358,1.1151770675362478,1.0352686700948932
2024-01-31,1.2711144161125285,1.1489349151149584,1.088260997899482,1.0253950810103396
2024-02-01,1.287058386021421,1.1637550033874935,1.1014375217022199,1.034254499289062
2024-02-02,1.2989137302371843,1.1638101031190577,1.097206438230165,1.0338300839557855
2024-02-05,1.2932524009444473,1.15117794854196,1.0812739311493804,1.0249983701166827
2024-02-06,1.2973471862970747,1.1576867795790016,1.0880176560103063,1.0294243955101738
2024-02-07,1.3073104799840434,1.1633632799199345,1.0869752397689925,1.0314512145072667
2024-02-08,1.3092739612146005,1.172349305146825,1.1016154611957705,1.0350450432417744
2024-02-09,1.3160730832281229,1.1795886119978223,1.1145241592744095,1.0395799177079745
2024-02-12,1.3165726557554827,1.1887342319459275,1.1319802649396666,1.0436941968174518
2024-02-13,1.2976033163605178,1.1616680950469829,1.0930095879647896,1.0275811849476488
2024-02-14,1.309712951115164,1.1783193197310489,1.113244549330759,1.0371593334190388
2024-02-15,1.3194075117821156,1.1970370178988123,1.139099641145439,1.0471795458289856
2024-02-16,1.3125845976384387,1.1879440255884997,1.1272401343723375,1.0413499317003985
2024-02-20,1.3054006630544561,1.180145905370812,1.1160930225066512,1.0371620516925624
2024-02-21,1.3062435413621873,1.1813294457532384,1.1127852856403029,1.0367236537270048
2024-02-22,1.3316650844158318,1.1974681949617014,1.117610642455554,1.0443133144241468
2024-02-23,1.3329235808835218,1.1988333536050138,1.1214036763350523,1.0466087134878397
2024-02-26,1.3287001829787373,1.1978246635172094,1.1229129587957218,1.0439196716901278
2024-02-27,1.3309900994305752,1.2038398214393267,1.132779591975466,1.0466008475159365
2024-02-28,1.3290891439183543,1.2040284500603171,1.1262604328008237,1.0462325371378989
2024-02-29,1.334149503662674,1.212466664136224,1.1327513696981615,1.0504126601806485
2024-03-01,1.3456052221418067,1.2221852574719834,1.14004782263644,1.0557099624829447
2024-03-04,1.3437960361612769,1.2282553486082497,1.1362228675077761,1.0543182717221664
2024-03-05,1.3302712240758512,1.22258099152392,1.1294716370198135,1.0509329580528852
2024-03-06,1.3370454537582006,1.2311696131564571,1.1349482248698852,1.054350790904146
2024-03-07,1.3495599689601865,1.2425153457665101,1.1440712982528665,1.0605052134399848
2024-03-08,1.3420612325785155,1.236902799000183,1.1427768487670584,1.0592152219448199
2024-03-11,1.340736692811347,1.2333296970739405,1.137061447370514,1.0571285235010046
2024-03-12,1.3540345805076364,1.2382784280371153,1.1354367767733782,1.0596238384530892
2024-03-13,1.3526241519362672,1.241356556952038,1.1377694080254042,1.0595444471593585
2024-03-14,1.3485299724900557,1.2278486563633846,1.12048495430449,1.052127675669445
2024-03-15,1.338961960787746,1.225844782090636,1.123348403052768,1.0503372572820509
2024-03-18,1.3458130346185597,1.223893546209839,1.1192515270514731,1.050891800383865
2024-03-19,1.3535007856018049,1.2325027903167158,1.1268394701496196,1.0547458077187841
2024-03-20,1.3660545264137398,1.2471885801439608,1.1449719189048637,1.0615750280197371
2024-03-21,1.3705513747679086,1.2582681538434473,1.1573488964208845,1.0662307466063725
2024-03-22,1.3657120748423661,1.2488012536972812,1.142314792701351,1.062743723140154
2024-03-25,1.361935940957428,1.249190028646617,1.1409230826205932,1.0603573856822264
2024-03-26,1.3593697555718922,1.2477872141213742,1.1399516435076884,1.0592908460635944
2024-03-27,1.3719113501591629,1.2677149237481502,1.1650892862272109,1.069519564521569
2024-03-28,1.3718613713668295,1.2714404087046598,1.170311149379806,1.0706566362131038
2024-04-01,1.3688071663128487,1.263411893287819,1.159131812660303,1.0643134131333096
2024-04-02,1.3587962047756659,1.2482600835462787,1.1393140467979364,1.0561503246699038
2024-04-03,1.360351491831599,1.2532158378034852,1.1453933548818935,1.057978967380075
2024-04-04,1.3436782862606378,1.2391254724661231,1.1350557404013353,1.051897467889716
2024-04-05,1.357029808152556,1.2492452036409223,1.1404483703300958,1.055226239512645
2024-04-08,1.358022468963848,1.254372219812733,1.1476548555693622,1.0577512840127123
2024-04-09,1.359351581197793,1.2564274906983628,1.1529669309707555,1.0608203693947849
2024-04-10,1.3453463815406226,1.232463443356698,1.1212788070698154,1.0452788593863536
2024-04-11,1.354041721197381,1.2329372588386214,1.125620311269446,1.0485889556361685
2024-04-12,1.3349007596419122,1.213518972919215,1.1079081708141576,1.0405216568039468
2024-04-15,1.3188724397971994,1.1998507077581686,1.0948552351442717,1.0312422230911662
2024-04-16,1.316463189471913,1.1944400739244423,1.0892416731613355,1.027493183198194
2024-04-17,1.3095627801430718,1.1860828315732557,1.079924127620917,1.0242788794971869
2024-04-18,1.3072860088076235,1.1843702007304269,1.0809812401396575,1.0237262061904246
2024-04-19,1.29826258886368,1.1862951950150613,1.088197255109759,1.0231599917745584
2024-04-22,1.30972576398356,1.1976796688968028,1.0983772474226134,1.0284112225414581
2024-04-23,1.3251240295738898,1.2109325814201035,1.1167721018918353,1.036854557289755
2024-04-24,1.3244910951551765,1.2122408752743632,1.1141086800921445,1.035934878750193
2024-04-25,1.318350489389394,1.2088895543348448,1.1068824286485563,1.0303435205859248
2024-04-26,1.3302211125352794,1.212351556086014,1.1142518375381905,1.03587029388311
2024-04-29,1.3348043107973997,1.2199529770132367,1.1221655651781388,1.0396634140886603
2024-04-30,1.3137053477577971,1.1983800202564168,1.1009420271839077,1.0280948059901769
2024-05-01,1.3104343995967849,1.1984522942614177,1.103861859186453,1.0280075795699002
2024-05-02,1.3231653010301068,1.2125896490784083,1.1198733409416797,1.036340267300214
2024-05-03,1.3393032277028059,1.223512633353622,1.129905444141043,1.044527982907059
2024-05-06,1.3524842037177602,1.2398245509972003,1.1431001868591943,1.0518661389327362
2024-05-07,1.3538786259633204,1.2427743976094607,1.145282477217475,1.054267665400828
2024-05-08,1.3540969701037502,1.2389212093496413,1.1407061351597336,1.0521682828746106
2024-05-09,1.3622419489839748,1.2505153181002435,1.1541251317455297,1.0585428658634
2024-05-10,1.3642918953021477,1.2500533367101467,1.1488072403016363,1.0569933424189801
2024-05-13,1.364280136496823,1.2493620163049934,1.1507710938978555,1.0577449514344692
2024-05-14,1.370473412712548,1.2586966812907967,1.1626671568443083,1.0626286884667884
2024-05-15,1.3869789421713434,1.2701010454207473,1.1697016260251791,1.070603319521035
2024-05-16,1.3839900256734015,1.2598908514554572,1.1640323981082379,1.0672281996090751
2024-05-17,1.3860666419732284,1.2615768531936618,1.1632805473071333,1.0663619375950701
2024-05-20,1.3870019807104943,1.262345611065342,1.163376713676435,1.0662364054631988
2024-05-21,1.3898684425230152,1.2605807800749826,1.1618878905102064,1.0665025031693545
2024-05-22,1.385145447721894,1.252238804056442,1.1544985943495978,1.0624644208476315
2024-05-23,1.3732312246313567,1.2362347484195169,1.1373200542284163,1.0537230509257314
2024-05-24,1.3816889036741702,1.246750019635917,1.1476266623418705,1.0584033456462707
2024-05-28,1.3813302117740827,1.2387976077790994,1.1430638157585995,1.0560266060547032
2024-05-29,1.3704674164473085,1.2231615829472184,1.1293214796185755,1.0484755712057912
2024-05-30,1.362213322437017,1.2318363982372575,1.140478577240271,1.0511618787235444
2024-05-31,1.374414775544468,1.2458982804809562,1.152663856997881,1.0587151868608522
2024-06-03,1.3749051897384608,1.2360659641932379,1.1479119430757683,1.057495050772503
2024-06-04,1.375909621572979,1.22243153305118,1.1315308157634116,1.0558160840750916
2024-06-05,1.3911836532234358,1.2351854260960486,1.1451699261984796,1.064083792801726
2024-06-06,1.3910794768610693,1.2312197783071412,1.1380953249209587,1.0633036982730013
2024-06-07,1.3886589165035057,1.222699547855071,1.1266720174010614,1.056993438194201
2024-06-10,1.3930874741591295,1.2265164502475314,1.1251245774089393,1.0579057446875109
2024-06-11,1.394015121488661,1.220971451339997,1.119694039527606,1.0581031548146471
2024-06-12,1.404995518158684,1.2349710008623953,1.137368748043039,1.0668708511278084
2024-06-13,1.4063681411446487,1.2280643309793993,1.12578418975256,1.0663696432075178
2024-06-14,1.4060737508128607,1.2149049801976375,1.1095494935146637,1.0627834795274425
2024-06-17,1.4165914330750713,1.2246836330559592,1.119308528002657,1.0656886397655652
2024-06-18,1.420201033389083,1.2281098271923467,1.1205651043665,1.0679444874614588
2024-06-20,1.4179016988322426,1.225813876361287,1.1161938994808194,1.0655783778022854
2024-06-21,1.415203510118226,1.2280530876812596,1.1185452620191982,1.066288588637297
2024-06-24,1.4128359173457865,1.2334680895069303,1.1241820723695457,1.0667302402456365
2024-06-25,1.4161236766528034,1.2236025846026568,1.1161403766905913,1.0654955043650414
2024-06-26,1.4167910051576402,1.2182446353567449,1.1144949132215032,1.062807371498327
2024-06-27,1.4190477601298714,1.2214499807527472,1.1203849608325445,1.066267967310578
2024-06-28,1.4128880723688262,1.2237239331439846,1.12702347619884,1.0647670347142322
2024-07-01,1.4155105352724886,1.2125696587045758,1.1177482409130308,1.0597154543099645
2024-07-02,1.4241766672596665,1.2169319238652232,1.1223737755106358,1.0641786091582062
2024-07-03,1.4294437647163654,1.2191913726431112,1.123048447819523,1.0669749168718954
2024-07-05,1.4369994345918826,1.2130808177612813,1.1161553072142445,1.0688675449524194
2024-07-08,1.4381696222992495,1.2175335950466109,1.1217559383310656,1.070087274464142
2024-07-09,1.438728203370209,1.2106833977463798,1.1153559112317666,1.068745114471653
2024-07-10,1.453093918339617,1.2234574505074038,1.1260980119292774,1.0746274061851335
2024-07-11,1.4442752234120941,1.2488546220791676,1.1620415328711649,1.0838771187350091
2024-07-12,1.453473465083618,1.2608362460868945,1.1732062022015217,1.0893400247997682
2024-07-15,1.4586364511532424,1.2671446005872729,1.1894130910564351,1.0930579833217924
2024-07-16,1.4706383727973737,1.2952414476884866,1.227904781345781,1.1051953721677907
2024-07-17,1.4531690541059166,1.2781614302820548,1.2186235071395075,1.0983674710185831
2024-07-18,1.4405286106188622,1.2652434194639308,1.1990825342896998,1.0910399710234664
2024-07-19,1.4306335577172518,1.2572184853195818,1.1927419090730995,1.0864708153217784
2024-07-22,1.4447265913860008,1.2718513799852984,1.2100043265467386,1.0940158983274353
2024-07-23,1.4426565735231238,1.2725747393566524,1.2180162585377712,1.0950610347357708
2024-07-24,1.4111598040704336,1.2483128514492638,1.1939931993525037,1.080062782354263
2024-07-25,1.4064446630979304,1.2560068203414945,1.2087238560858506,1.081868923430851
2024-07-26,1.4228778128633222,1.2764259862179794,1.230102171624189,1.0926962245909166
2024-07-29,1.4235487701884801,1.2752299467260442,1.222959295871944,1.0925056375947564
2024-07-30,1.4181409904672777,1.278951537475009,1.2274741325225984,1.0931616240648003
2024-07-31,1.438052396197336,1.2869403356901417,1.2355520126480335,1.100947299917769
2024-08-01,1.4176681506359197,1.2613931215802099,1.2017494114841583,1.0908991197773001
2024-08-02,1.390735434367205,1.2285304956247938,1.1627381818509452,1.080065725244326
2024-08-05,1.3503158488638811,1.1971413979501693,1.1268996549249781,1.0608156025343585
2024-08-06,1.3629387157030939,1.209238564610622,1.1400299481565315,1.0663674714670917
2024-08-07,1.3535349279292364,1.2006064519417932,1.1289523659776162,1.060240659918978
2024-08-08,1.3845891321904926,1.2264448827248682,1.1545966816145872,1.0730009534751093
2024-08-09,1.3900242358775314,1.2262649098076177,1.1536332771339362,1.0754576436853998
2024-08-12,1.3895452371304446,1.2201253053201766,1.1415688866250298,1.073021357248355
2024-08-13,1.4116774105276941,1.2358227284378176,1.1605469096284506,1.083581151950138
2024-08-14,1.4163618790439778,1.236024936732721,1.1557253129101106,1.0841764723443348
2024-08-15,1.44047702432574,1.2586388146116045,1.182314189831326,1.0936503680598424
2024-08-16,1.4435047452878123,1.2600916252008059,1.1853551505193867,1.0953498777526307
2024-08-19,1.4567369371530872,1.2714010123053763,1.196266351483883,1.101746108223178
2024-08-20,1.4538626331513123,1.261376700221201,1.1834857847175473,1.099030719437315
2024-08-21,1.459712268037105,1.2760375432913895,1.1980419776634916,1.1047383557428745
2024-08-22,1.4483698584780296,1.2691687990918572,1.1884247643595323,1.0992686043717963
2024-08-23,1.4650218956714762,1.293749811529533,1.2224277698313541,1.1126508503553658
2024-08-26,1.462024943608574,1.2902362648197532,1.2211726717150988,1.1110650300262939
2024-08-27,1.463584077503545,1.286780452687398,1.2141692612253248,1.1098655202158796
2024-08-28,1.4552276110963804,1.2811662875149814,1.208992052490948,1.1060697370979424
2024-08-29,1.456770050534305,1.2847682058199619,1.2161679866721604,1.1072584175008209
2024-08-30,1.4701882343757007,1.294108625975677,1.2224987567996863,1.111579427526638
2024-09-03,1.4400779515363722,1.2640368435898195,1.1882155593521877,1.0976443860555145
2024-09-04,1.4376544172966443,1.260112941021077,1.186072836460475,1.0977485435757905
2024-09-05,1.433294095588729,1.252436135652583,1.1798921249429286,1.0959955672264907
2024-09-06,1.4103105873715565,1.2359307798814405,1.1599753883003665,1.0865733370559458
2024-09-09,1.4259236164907843,1.2434070435184275,1.1604052253616772,1.0911263176882169
2024-09-10,1.4307063877638193,1.2416041808338973,1.156929193008643,1.0932874774325527
2024-09-11,1.4439942971110724,1.247286312825694,1.160502660193865,1.0968956378080716
2024-09-12,1.4558908375119717,1.257543729066521,1.1750068084847345,1.1030558149672258
2024-09-13,1.464858946773045,1.2769215637302977,1.2027419003353612,1.1122096540709328
2024-09-16,1.468190758056092,1.2857859314232953,1.2081921784020038,1.1159132691679436
2024-09-17,1.4689481379573561,1.2916364400324287,1.2172494315945075,1.1177701220457796
2024-09-18,1.4648985170173936,1.2911839268855454,1.218416577466224,1.1162272392519828
2024-09-19,1.4893682069266425,1.3119890079238599,1.2411857629579324,1.1265783465210828
2024-09-20,1.4859302924896391,1.304495381780253,1.2307796182131376,1.123617710184982
2024-09-23,1.4891333859084475,1.3100543459937535,1.2299392857259683,1.1241075977261785
2024-09-24,1.4931823523631456,1.3112304515711566,1.230954429295897,1.1256668213526986
2024-09-25,1.4861753542409,1.2974534213884166,1.2145438960627433,1.1196475142294753
2024-09-26,1.4928928914757367,1.3062146698658001,1.2225963897031034,1.1227640302503443
2024-09-27,1.4903811152188,1.3092045121650533,1.2291608769235336,1.1251804977072135
2024-09-30,1.495861701091454,1.3106139377171495,1.2324223995690935,1.126877487508846
2024-10-01,1.4830853923087193,1.3010917596686467,1.2170026890151053,1.121085661245912
2024-10-02,1.4835557105688384,1.3016892866569314,1.2137879336438355,1.1199221787924574
2024-10-03,1.4801580359631448,1.2977962853592633,1.2062786303151676,1.1160791375404369
2024-10-04,1.4939628392703277,1.3098573178735355,1.2229000151270668,1.1201540005458597
2024-10-07,1.4803311269532402,1.3003104662110898,1.2118137018095727,1.1135874142561637
2024-10-08,1.492850339909095,1.3021831843520209,1.2115297860976284,1.1168448294878857
2024-10-09,1.5038680882585436,1.3105504052796313,1.2158432969426645,1.1189396349256708
2024-10-10,1.5012564671592168,1.3046750488879024,1.208201021316463,1.1160879299991282
2024-10-11,1.5117522868191928,1.324601283115432,1.230170741179689,1.1237030358746836
2024-10-14,1.5235421660716264,1.333070194173033,1.238218273168508,1.127827506115016
2024-10-15,1.5120581991171884,1.3298745821531617,1.2393469856137744,1.1283300713469673
2024-10-16,1.5197270187528304,1.3409137649847132,1.2553179736463598,1.1340164142388125
2024-10-17,1.5203400559430635,1.3412722833503334,1.253426797033741,1.1318728794452628
2024-10-18,1.5256154226880545,1.3428933653706052,1.2507002974828485,1.1333933692886593
2024-10-21,1.5214485603496577,1.328794663875265,1.2313203560410169,1.1253833475185346
2024-10-22,1.5200981994841094,1.320439133645195,1.224536230354989,1.1226134753934116
2024-10-23,1.506196146470061,1.3133761314994365,1.2159492680662063,1.116379410424235
2024-10-24,1.50886200958125,1.3155144502248013,1.2197711976431043,1.11893822325826
2024-10-25,1.5071422619718289,1.3088996081217463,1.2142452587427819,1.1170249181951177
2024-10-28,1.5129694207968458,1.320945290986477,1.231897066920844,1.1222578482576633
2024-10-29,1.5143444365640233,1.3208517409733536,1.2276781463910307,1.1217597153850445
2024-10-30,1.510382233139938,1.3197765621318314,1.2285863377048436,1.1218332968057558
2024-10-31,1.4827667399611666,1.3025367679138447,1.20933171198733,1.1109729306156162
2024-11-01,1.4897592784371698,1.3046275897091644,1.2133706238016002,1.1109047291898206
2024-11-04,1.4859993363636441,1.307491783984895,1.2193052681405223,1.1136347306148295
2024-11-05,1.5043053828845816,1.3264664382709201,1.2426264402525466,1.1240472043785323
2024-11-06,1.5452951605840175,1.3756955367231858,1.310410443472975,1.1403129149029994
2024-11-07,1.5556674410839442,1.3751907256652496,1.3049877913519814,1.145611814803529
2024-11-08,1.5629412289460825,1.382846272473706,1.3134415359340244,1.1524283523250707
2024-11-11,1.5665623707669853,1.394686378589246,1.3328335730776542,1.156144665046797
2024-11-12,1.5605207188200985,1.38115785517647,1.3131850075384128,1.1486231687207062
2024-11-13,1.5607853018214781,1.3755454459977678,1.302902347827946,1.1469039114960797
2024-11-14,1.5505799346356741,1.362988016101423,1.2869859064438605,1.1413341893296622
2024-11-15,1.5316064236555844,1.3496060493742077,1.273408145767528,1.134562757797746
2024-11-18,1.5372491811766547,1.3539236079278703,1.2754008922508306,1.1375050229414017
2024-11-19,1.5422635370278757,1.355798180909318,1.2798455217372404,1.1407820483384863
2024-11-20,1.5434837635721919,1.36308821528153,1.2826790855956935,1.1419193302845283
2024-11-21,1.5536524874321866,1.3842144054248955,1.3036357347517868,1.1486932322021817
2024-11-22,1.5608736908265153,1.4039999292185195,1.324979282268288,1.1554864850303355
2024-11-25,1.5678870458008296,1.4229209419400066,1.348661131984466,1.1655195218408227
2024-11-26,1.5751507082624387,1.4177697548460846,1.3372680400220165,1.1650598825103684
2024-11-27,1.570202694641736,1.4142167536858736,1.337481708053007,1.1653010640479002
